id,year,make,model,trim,vin,is_new,exterior_color,interior_color,engine_cylinders,drive_train,transmission,transmission_desc,epa_city,epa_highway,fuel_type,selling_price,mileage,description,features,comments
1,2023,Chevrolet,Silverado 1500,"2WD Crew Cab 147"" LT",3GCPACEK6PG263459,True,Black,,4.0,Rear Wheel Drive,Automatic,,19.0,22.0,Gasoline Fuel,52235.0,2.0,,,
2,2023,Chevrolet,Silverado 1500,"2WD Crew Cab 157"" LT",3GCPACEK7PG255354,True,Summit White,,4.0,Rear Wheel Drive,Automatic,,19.0,22.0,Gasoline Fuel,51580.0,2.0,,,
3,2023,Chevrolet,Silverado 1500,"4WD Crew Cab 147"" LT Trail Boss",3GCPDFEK3PG267607,True,Summit White,,4.0,Four Wheel Drive,Automatic,,18.0,21.0,Gasoline Fuel,60280.0,2.0,,,
4,2023,Chevrolet,Silverado 1500,"4WD Crew Cab 147"" LT Trail Boss",3GCPDFEK8PG267604,True,Summit White,,4.0,Four Wheel Drive,Automatic,,18.0,21.0,Gasoline Fuel,60280.0,2.0,,,
5,2023,Chevrolet,Blazer,FWD 4dr Premier,3GNKBFR40PS196916,True,Sterling Gray Metallic,Jet Black,4.0,Front Wheel Drive,Automatic,9-Speed A/T,22.0,29.0,Gasoline Fuel,48915.0,2.0,,,
6,2023,Chevrolet,Blazer,FWD 4dr Premier,3GNKBFR44PS218996,True,Sterling Gray Metallic,Jet Black,4.0,Front Wheel Drive,Automatic,9-Speed A/T,22.0,29.0,Gasoline Fuel,49060.0,2.0,,,
7,2018,Chevrolet,Malibu,4dr Sdn LT w/1LT,1G1ZD5ST4JF145243,False,Mosaic Black Metallic,Jet Black,4.0,Front Wheel Drive,Automatic,Automatic,27.0,36.0,Gasoline Fuel,18995.0,82757.0,"Clean CARFAX. Mosaic Black Metallic 2018 Chevrolet Malibu LT FWD 6-Speed Automatic 1.5L DOHC **CARFAX 1 OWNER **, **NAVIGATION / GPS / NAVI **, **CLEAN CARFAX**, Jet Black Cloth.27/36 City/Highway MPGAwards:* 2018 KBB.com 10 Best Sedans Under $25,000 * 2018 KBB.com 10 Most Awarded BrandsIf you have any questions or would like some general information about financing or would like a price quote on a new or used vehicle please call.",,
8,2020,Chevrolet,Bolt EV,5dr Wgn Premier,1G1FZ6S05L4119040,False,Summit White,Dark Galvanized/Sky Cool Gray,,Front Wheel Drive,,Automatic,0.0,0.0,Electric Fuel System,27525.0,7767.0,"CARFAX One-Owner. Summit White 2020 Chevrolet Bolt EV Premier FWD 1-Speed Automatic Electric Drive Unit 2 USB Charging-Only Ports For Rear Passengers, Automatic Emergency Braking, Automatic temperature control, Bose Premium 7-Speaker Audio System, Driver Confidence II Package, Following Distance Indicator, Forward Collision Alert, Front Pedestrian Braking, Infotainment Package, IntelliBeam Automatic On/Off High Beam, Lane Keep Assist w/Lane Departure Warning, Preferred Equipment Group 2LZ, Premium audio system: Chevrolet MyLink, Steering wheel mounted audio controls, Wheels: 17 Ultra-Bright Machined Aluminum, Wireless Charging For Devices.Recent Arrival! 127/108 City/Highway MPGIf you have any questions or would like some general information about financing or would like a price quote on a new or used vehicle please call.",,
9,2020,Chevrolet,Trax,FWD 4dr LS,KL7CJKSB0LB354322,False,Stone Gray Metallic,Jet Black,4.0,Front Wheel Drive,Automatic,Automatic,26.0,31.0,Gasoline Fuel,19817.0,29517.0,"CARFAX One-Owner. Clean CARFAX. Stone Gray Metallic 2020 Chevrolet Trax LS FWD 6-Speed Automatic ECOTEC 1.4L I4 SMPI DOHC Turbocharged VVT Factory Certified, 16 Aluminum Wheels, Deep-Tinted Rear Glass Windows & Liftgate, Electronic Automatic Cruise Control, Exterior Parking Camera Rear, Front & Rear All Weather Floor Mats (LPO), Front & Rear Custom Molded Black Splash Guards (LPO), Preferred Equipment Group 1LS, Premium audio system: Chevrolet MyLink, Protection Package, Steering wheel mounted audio controls, Telescoping steering wheel, Tilt steering wheel, Tint & Cruise Package.26/31 City/Highway MPGIf you have any questions or would like some general information about financing or would like a price quote on a new or used vehicle please call.",,
10,2020,Chevrolet,Traverse,FWD 4dr LT Cloth w/1LT,1GNERGKW1LJ285559,False,Mosaic Black Metallic,Jet Black,6.0,Front Wheel Drive,Automatic,Automatic,18.0,27.0,Gasoline Fuel,30995.0,50744.0,"CARFAX One-Owner. Clean CARFAX. Mosaic Black Metallic 2020 Chevrolet Traverse LT 1LT FWD 9-Speed Automatic 3.6L V6 SIDI VVT **CARFAX 1 OWNER **, **CLEAN CARFAX**, Apple CarPlay/Android Auto, Automatic temperature control, Front dual zone A/C, Preferred Equipment Group 1LT, Steering wheel mounted audio controls, Tilt steering wheel, Trip computer, Wheels: 18 Bright Silver Painted Aluminum.18/27 City/Highway MPGIf you have any questions or would like some general information about financing or would like a price quote on a new or used vehicle please call.",,
11,2021,Chevrolet,Tahoe,4WD 4dr Premier,1GNSKSKD5MR168692,False,Satin Steel Metallic,Jet Black,8.0,Four Wheel Drive,Automatic,Automatic,16.0,20.0,Gasoline Fuel,71995.0,25667.0,"CARFAX One-Owner. Satin Steel Metallic 2021 Chevrolet Tahoe Premier 4WD 10-Speed Automatic with Overdrive EcoTec3 5.3L V8 Factory Certified, 15 Diagonal Multi-Color Head-Up Display, 1st & 2nd Row Color-Keyed Carpeted Floor Mats, 2 USB Data Ports, 20 x 9 Polished Aluminum Wheels, 2-Speed Active Electronic AutoTrac Transfer Case, 3rd Row 60/40 Power-Folding Split-Bench Seat, Adaptive Cruise Control, Advanced Trailering Package, Advanced Trailering System, Auto-Dimming Inside Rear-View Mirror, Automatic Heated Steering Wheel, Automatic temperature control, Bright Front & Rear Door Sill Plates, Chrome Door Handles w/Body-Color Strip, Chrome Mirror Caps, Color-Keyed Carpeting Floor Covering, Driver & Front Outboard Passenger Airbags, Dual Exhaust System, Dual-Pane Power Panoramic Sunroof, Enhanced Automatic Emergency Braking, Enhanced Display & Alert Package, Enhanced Driver Information Center, Extra Capacity Cooling System, Floor Console w/Storage Area, Front & Rear Park Assist, Hands-Free Rear Power Programmable Liftgate, HD Radio, HD Surround Vision, Heated 2nd Row Outboard Seats, Hill Descent Control, Hitch Guidance w/Hitch View, Infotainment Display, Inside Rearview Auto-Dimming Rear Camera Mirror, Integrated Trailer Brake Controller, Lane Change Alert w/Side Blind Zone Alert, Lane Keep Assist w/Lane Departure Warning, Leather-Wrapped Steering Wheel, LED Daytime Running Lamps, Max Trailering Package, Memory Settings, Navigation System, Outside Heated Power-Adjustable Mirrors, Power Release 2nd Row Bucket Seats, Power Tilt & Telescopic Steering Column, Preferred Equipment Group 1LZ, Premium Package, Rear Camera Mirror Washer, Rear Cross Traffic Alert, Rear Pedestrian Alert, Remote Start, Safety Alert Seat, SiriusXM NavTraffic, SiriusXM Radio w/360L, Trailer Side Blind Zone Alert, Universal Home Remote.Recent Arrival! Odometer is 5351 miles below market average!Awards:* JD Power Automotive Performance, Execution and Layout (APEAL) Study * ALG Residual ValueIf you have any questions or would like s",,
12,2022,Chevrolet,Camaro,2dr Cpe 1LT,1G1FA1RS4N0129604,False,Black,Jet Black,4.0,Rear Wheel Drive,Manual,Manual,18.0,29.0,Gasoline Fuel,28945.0,9858.0,"CARFAX One-Owner. Clean CARFAX. Black 2022 Chevrolet Camaro 1LT RWD 6-Speed Manual 3.6L V6 DI Factory Certified, Apple CarPlay/Android Auto, Automatic temperature control, Exterior Parking Camera Rear, Preferred Equipment Group 1LT, Premium audio system: Chevrolet Infotainment System, Telescoping steering wheel, Tilt steering wheel.Recent Arrival! Odometer is 12169 miles below market average! 16/26 City/Highway MPGIf you have any questions or would like some general information about financing or would like a price quote on a new or used vehicle please call.",,
13,2023,Chevrolet,Silverado 2500HD,"4WD Crew Cab 159"" High Country",1GC4YREY3PF129063,False,Summit White,Jet Black,8.0,Four Wheel Drive,Automatic,Automatic,0.0,0.0,Diesel Fuel,87995.0,5370.0,,,
14,2023,Chevrolet,Traverse,FWD 4dr Premier,1GNERKKW4PJ188946,False,Summit White,Jet Black,6.0,Front Wheel Drive,Automatic,Automatic,18.0,27.0,Gasoline Fuel,49995.0,10735.0,"CARFAX One-Owner. Clean CARFAX. Summit White 2023 Chevrolet Traverse Premier FWD 9-Speed Automatic 3.6L V6 SIDI VVT **CARFAX 1 OWNER **, **CLEAN CARFAX**, Factory Certified.Recent Arrival! 18/27 City/Highway MPGIf you have any questions or would like some general information about financing or would like a price quote on a new or used vehicle please call.",,
15,2023,Chevrolet,Silverado 1500,"2WD Crew Cab 147"" Custom",3GCPABEK3PG174930,True,Summit White,Jet Black,4.0,Rear Wheel Drive,Automatic,Automatic,19.0,22.0,Gasoline Fuel,46685.0,9.0,,,
16,2023,Chevrolet,Silverado 1500,"2WD Crew Cab 147"" Custom",3GCPABEK9PG174916,True,Summit White,Jet Black,4.0,Rear Wheel Drive,Automatic,Automatic,19.0,22.0,Gasoline Fuel,46220.0,48.0,,,
17,2023,Chevrolet,Silverado 1500,"2WD Crew Cab 147"" Custom",3GCPABEK3PG202449,True,Summit White,Jet Black,4.0,Rear Wheel Drive,Automatic,Automatic,19.0,22.0,Gasoline Fuel,56680.0,5.0,,,
18,2023,Chevrolet,Silverado 1500,"2WD Crew Cab 147"" RST",2GCPADED5P1116226,True,Summit White,Jet Black,4.0,Rear Wheel Drive,Automatic,Automatic,17.0,21.0,Gasoline Fuel,58095.0,6.0,,,
19,2023,Chevrolet,Silverado 1500,"2WD Crew Cab 157"" LT",3GCPACEDXPG194289,True,Radiant Red Tintcoat,Jet Black,4.0,Rear Wheel Drive,Automatic,Automatic,17.0,21.0,Gasoline Fuel,63630.0,9.0,,,
20,2023,Chevrolet,Silverado 1500,"2WD Crew Cab 147"" Custom",1GCPABEK8PZ214077,True,Summit White,Jet Black,4.0,Rear Wheel Drive,Automatic,Automatic,19.0,22.0,Gasoline Fuel,46220.0,2.0,,,
21,2023,Chevrolet,Silverado 1500,"4WD Crew Cab 147"" RST",1GCUDEE88PZ203922,True,Summit White,Jet Black,4.0,Four Wheel Drive,Automatic,Automatic,21.0,23.0,Diesel Fuel,68755.0,3.0,,,
22,2023,Chevrolet,Silverado 1500,"4WD Crew Cab 147"" LT w/1LT",1GCUDDE88PZ220388,True,Sterling Gray Metallic,Jet Black,4.0,Four Wheel Drive,Automatic,Automatic,21.0,23.0,Diesel Fuel,68420.0,3.0,,,
23,2020,GMC,Terrain,FWD 4dr SLT,3GKALPEV2LL268469,False,Quicksilver Metallic,Jet Black,154.0,Front Wheel Drive,Automatic,Automatic,26.0,30.0,Gasoline Fuel,23196.0,64837.0,"Prior Rental. CARFAX One-Owner. Clean CARFAX. Quicksilver Metallic 2020 GMC Terrain SLT FWD 9-Speed Automatic 1.5L DOHC **CARFAX 1 OWNER **, **CLEAN CARFAX**, Prior Rental, 2 USB Data Ports, 2 USB Data Ports w/SD Card Reader, 6-Speaker Audio System Feature, Automatic temperature control, Bluetooth® For Phone, Exterior Parking Camera Rear, Front dual zone A/C, Preferred Equipment Group 4SA, Radio: GMC Infotainment Audio System w/8 Display, SiriusXM Radio, Telescoping steering wheel, Tilt steering wheel, Wheels: 18 x 7 Machined Aluminum w/Gray Accents.26/30 City/Highway MPGIf you have any questions or would like some general information about financing or would like a price quote on a new or used vehicle please call.",,
24,2023,Chevrolet,Silverado 1500,"2WD Crew Cab 157"" LT",3GCPACEDXPG245953,True,Black,Jet Black,4.0,Rear Wheel Drive,Automatic,Automatic,17.0,21.0,Gasoline Fuel,55080.0,10.0,,,
25,2020,Chevrolet,Bolt EV,5dr Wgn Premier,1G1FX6S05L4104415,False,Silver Ice Metallic,Dark Galvanized Gray,,Front Wheel Drive,,Automatic,0.0,0.0,Electric Fuel System,24199.0,47640.0,"CARFAX One-Owner. Silver Ice Metallic 2020 Chevrolet Bolt EV Premier FWD 1-Speed Automatic Electric Drive Unit 2 USB Charging-Only Ports For Rear Passengers, All-Weather Cargo Mat (LPO), Apple CarPlay/Android Auto, Auto-dimming Rear-View mirror, Automatic temperature control, Bose Premium 7-Speaker Audio System, Front & Rear All-Weather Floor Mats, Infotainment Package, Interior Protection Package (LPO), Preferred Equipment Group 2LZ, Steering wheel mounted audio controls, Telescoping steering wheel, Tilt steering wheel, Wheels: 17 Ultra-Bright Machined Aluminum, Wireless Charging For Devices.Recent Arrival! 127/108 City/Highway MPGIf you have any questions or would like some general information about financing or would like a price quote on a new or used vehicle please call.",,
26,2021,Chevrolet,Equinox,FWD 4dr LT w/1LT,2GNAXKEV2M6104977,False,Silver Ice Metallic,Jet Black,4.0,Front Wheel Drive,Automatic,Automatic,26.0,31.0,Gasoline Fuel,20450.0,63089.0,"Prior Rental. CARFAX One-Owner. Clean CARFAX. Silver Ice Metallic 2021 Chevrolet Equinox LT FWD 6-Speed Automatic Electronic with Overdrive 1.5L DOHC Prior Rental, 17 Aluminum Wheels, Apple CarPlay/Android Auto, Preferred Equipment Group 1LT, Steering wheel mounted audio controls, Telescoping steering wheel, Tilt steering wheel.26/31 City/Highway MPGAwards:* 2021 IIHS Top Safety Pick with specific headlightsIf you have any questions or would like some general information about financing or would like a price quote on a new or used vehicle please call.",,
27,2020,Chevrolet,Silverado 1500,"2WD Crew Cab 147"" RST",3GCPWDED9LG125742,False,Shadow Gray Metallic,Jet Black,4.0,Rear Wheel Drive,Automatic,Automatic,17.0,24.0,Gasoline Fuel,43296.0,18952.0,"CARFAX One-Owner. Clean CARFAX. Shadow Gray Metallic 2020 Chevrolet Silverado 1500 RST RWD 8-Speed Automatic EcoTec3 5.3L V8 10-Way Power Driver Seat w/Lumbar, 12-Volt Rear Auxiliary Power Outlet, 2 USB Ports (First Row), 4.2 Diagonal Color Display Driver Info Center, 4G LTE Wi-Fi Hot Spot Capable, 4-Way Manual Driver Seat Adjuster, 6-Speaker Audio System, All-Star Edition, Bluetooth® For Phone, Body Color Grille, Chevrolet Connected Access Capable, Cloth Rear Seat w/Storage Package, Color-Keyed Carpeting Floor Covering, Compass, Convenience Package, Deep-Tinted Glass, Dual-Zone Automatic Climate Control, Electric Rear-Window Defogger, Electrical Lock Control Steering Column, Front Frame-Mounted Black Recovery Hooks, Front LED Fog Lamps, Front Rubberized Vinyl Floor Mats, Heated Driver & Front Outboard Passenger Seats, Heated Steering Wheel, Heavy-Duty Rear Locking Differential, High Gloss Black Mirror Caps, Hitch Guidance, Keyless Open & Start, Leather Wrapped Steering Wheel, LED Cargo Area Lighting, Manual Tilt/Telescoping Steering Column, Manual Tilt-Wheel Steering Column, OnStar & Chevrolet Connected Services Capable, Power Door Locks, Power Front Windows w/Driver Express Up/Down, Power Front Windows w/Passenger Express Down, Power Rear Windows w/Express Down, Preferred Equipment Group 1SP, Rear 60/40 Folding Bench Seat (Folds Up), Rear Dual USB Charging-Only Ports, Rear Rubberized-Vinyl Floor Mats, Rear Vision Camera, Remote Vehicle Starter System, Single-Zone Manual/Semi-Automatic Air Conditioning, Steering Wheel Audio Controls, Steering Wheel Mounted Electronic Cruise Control, Theft Deterrent System (Unauthorized Entry), Trailering Package, Urethane Steering Wheel.Recent Arrival! Odometer is 20471 miles below market average!If you have any questions or would like some general information about financing or would like a price quote on a new or used vehicle please call.",,
28,2023,Chevrolet,Silverado 1500,"2WD Crew Cab 147"" Custom",1GCPABEK3PZ214049,True,Summit White,Jet Black,4.0,Rear Wheel Drive,Automatic,Automatic,19.0,22.0,Gasoline Fuel,46220.0,3.0,,,
29,2023,Chevrolet,Silverado 1500,"2WD Crew Cab 147"" Custom",1GCPABEK7PZ159153,True,Summit White,Jet Black,4.0,Rear Wheel Drive,Automatic,Automatic,19.0,22.0,Gasoline Fuel,46220.0,5.0,,,
30,2023,Chevrolet,Silverado 1500,"2WD Crew Cab 147"" Custom",1GCPABEK9PZ213844,True,Summit White,Jet Black,4.0,Rear Wheel Drive,Automatic,Automatic,19.0,22.0,Gasoline Fuel,46220.0,2.0,,,
31,2021,Chevrolet,Equinox,FWD 4dr LT w/1LT,3GNAXKEV7MS132842,False,Silver Ice Metallic,Jet Black,4.0,Front Wheel Drive,Automatic,Automatic,26.0,31.0,Gasoline Fuel,20296.0,66279.0,"Prior Rental. CARFAX One-Owner. Silver Ice Metallic 2021 Chevrolet Equinox LT FWD 6-Speed Automatic Electronic with Overdrive 1.5L DOHC Prior Rental, 17 Aluminum Wheels, Preferred Equipment Group 1LT, Steering wheel mounted audio controls.26/31 City/Highway MPGAwards:* 2021 IIHS Top Safety Pick with specific headlightsIf you have any questions or would like some general information about financing or would like a price quote on a new or used vehicle please call.",,
32,2021,Chevrolet,Tahoe,4WD 4dr LT,1GNSKNKDXMR260625,False,Summit White,Jet Black,8.0,Four Wheel Drive,Automatic,Automatic,16.0,20.0,Gasoline Fuel,53996.0,63879.0,"Prior Rental. CARFAX One-Owner. Clean CARFAX. Summit White 2021 Chevrolet Tahoe LT 4WD 10-Speed Automatic with Overdrive EcoTec3 5.3L V8 Prior Rental, 10-Way Power Driver & Passenger Seat Adjusters, 1st & 2nd Row Color-Keyed Carpeted Floor Mats, 2 USB Data Ports, Auto-Dimming Inside Rear-View Mirror, Automatic temperature control, Bright Front & Rear Door Sill Plates, Color-Keyed Carpeting Floor Covering, Driver & Front Outboard Passenger Airbags, Floor Console w/Storage Area, Hands-Free Rear Power Programmable Liftgate, HD Radio, Infotainment Display, Leather-Wrapped Steering Wheel, LED Daytime Running Lamps, Memory Settings for Driver, Power Liftgate, Preferred Equipment Group 1LT, Remote Start, SiriusXM Radio w/360L, Telescoping steering wheel, Tilt steering wheel, Universal Home Remote, Wheels: 18 x 8.5 Bright Silver Painted Aluminum.Awards:* JD Power Automotive Performance, Execution and Layout (APEAL) Study * ALG Residual ValueIf you have any questions or would like some general information about financing or would like a price quote on a new or used vehicle please call.",,
33,2020,Chevrolet,Impala,4dr Sdn LT w/1LT,1G11Z5S35LU107808,False,Silver Ice Metallic,Jet Black,6.0,Front Wheel Drive,Automatic,Automatic,19.0,28.0,Flex Fuel,22996.0,60835.0,Prior Rental. CARFAX One-Owner. Clean CARFAX. Silver Ice Metallic 2020 Chevrolet Impala LT FWD 6-Speed Automatic Electronic with Overdrive 3.6L V6 DI DOHCRecent Arrival! 19/28 City/Highway MPGIf you have any questions or would like some general information about financing or would like a price quote on a new or used vehicle please call.,,
34,2021,Chevrolet,Trailblazer,FWD 4dr RS,KL79MTSL5MB017565,False,Summit White,Jet Black with Red accents,3.0,Front Wheel Drive,,Variable,29.0,33.0,Gasoline Fuel,25901.0,37761.0,"Clean CARFAX. Summit White 2021 Chevrolet TrailBlazer RS FWD CVT 1.3L Ecotec Turbo DOHC SIDI w/VVT 1 Type-A & 1 Type-C USB Charging-Only Ports, 120-Volt Power Outlet, 8 Diagonal Color Touchscreen Display, Cabin Humidity Sensor, Convenience Package, Driver & Front Passenger Illuminated Vanity Mirrors, Driver Confidence Package, Inside Rear-View Auto-Dimming Mirror, Lane Change Alert w/Side Blind Zone Alert, Preferred Equipment Group 1RS, Rear Cross Traffic Alert, Rear Park Assist, Single-Zone Auto Climate Control Air Conditioning, SiriusXM Radio, Telescoping steering wheel, Tilt steering wheel, Wheels: 18 High Gloss Black Machined Aluminum.Recent Arrival! 29/33 City/Highway MPGAwards:* Ward's 10 Best Engines and Propulsion Systems * 2021 IIHS Top Safety Pick+If you have any questions or would like some general information about financing or would like a price quote on a new or used vehicle please call.",,
35,2023,Chevrolet,Silverado 1500,"2WD Crew Cab 157"" LT",3GCPACED2PG245347,True,Black,Jet Black,4.0,Rear Wheel Drive,Automatic,Automatic,17.0,21.0,Gasoline Fuel,55080.0,8.0,,,
36,2023,Chevrolet,Silverado 1500,"2WD Crew Cab 157"" LT",3GCPACEK2PG252703,True,Sterling Gray Metallic,Jet Black,4.0,Rear Wheel Drive,Automatic,Automatic,19.0,22.0,Gasoline Fuel,51340.0,9.0,,,
37,2023,Chevrolet,Silverado 1500,"2WD Crew Cab 157"" LT",3GCPACEK2PG253088,True,Black,Jet Black,4.0,Rear Wheel Drive,Automatic,Automatic,19.0,22.0,Gasoline Fuel,60335.0,8.0,,,
38,2023,Chevrolet,Silverado 1500,"2WD Crew Cab 147"" LT",3GCPACEK3PG263452,True,Black,Jet Black,4.0,Rear Wheel Drive,Automatic,Automatic,19.0,22.0,Gasoline Fuel,52235.0,7.0,,,
39,2023,Chevrolet,Silverado 1500,"2WD Crew Cab 157"" LT",3GCPACEK5PG252176,True,Sterling Gray Metallic,Jet Black,4.0,Rear Wheel Drive,Automatic,Automatic,19.0,22.0,Gasoline Fuel,51340.0,8.0,,,
40,2023,Chevrolet,Silverado 1500,"2WD Crew Cab 157"" LT",3GCPACEK5PG255353,True,Summit White,Jet Black,4.0,Rear Wheel Drive,Automatic,Automatic,19.0,22.0,Gasoline Fuel,51580.0,9.0,,,
41,2023,Chevrolet,Silverado 1500,"2WD Crew Cab 147"" LT",3GCPACEK8PG255962,True,Black,Jet Black,4.0,Rear Wheel Drive,Automatic,Automatic,19.0,22.0,Gasoline Fuel,52290.0,9.0,,,
42,2022,Nissan,Pathfinder,Platinum 2WD,5N1DR3DH5NC203489,False,Gun Metallic,Charcoal,6.0,Front Wheel Drive,Automatic,Automatic,21.0,26.0,Gasoline Fuel,40995.0,31502.0,"CARFAX One-Owner. Clean CARFAX. Gun Metallic 2022 Nissan Pathfinder Platinum FWD 9-Speed Automatic V6 Automatic temperature control, Cargo Area Protector, Cargo Net, Cargo Package, First Aid Kit, Front dual zone A/C, Navigation system: NissanConnect Navigation, Power Liftgate, Power moonroof, Steering wheel mounted audio controls, Telescoping steering wheel, Tilt steering wheel, Wheels: 20 Alloy w/Unique Finish.Recent Arrival! 21/26 City/Highway MPGIf you have any questions or would like some general information about financing or would like a price quote on a new or used vehicle please call.",,
43,2023,Chevrolet,Tahoe,4WD 4dr High Country,1GNSKTKL9PR392470,True,Black,Jet Black,8.0,Four Wheel Drive,Automatic,Automatic,14.0,19.0,Gasoline Fuel,83900.0,2.0,,,
44,2020,Chevrolet,Colorado,"4WD Crew Cab 128"" LT",1GCGTCEN6L1203792,False,Red Hot,Jet Black,6.0,Four Wheel Drive,Automatic,Automatic,17.0,24.0,Gasoline Fuel,31996.0,59607.0,"Prior Rental. CARFAX One-Owner. Red Hot 2020 Chevrolet Colorado LT 4WD 8-Speed Automatic V6 Prior Rental, Apple CarPlay, Exterior Parking Camera Rear, Preferred Equipment Group 4LT, Telescoping steering wheel, Tilt steering wheel, Wheels: 17 x 8 Blade Silver Metallic Cast Alloy.Recent Arrival! Odometer is 2033 miles below market average!Awards:* 2020 KBB.com Best Buy AwardsIf you have any questions or would like some general information about financing or would like a price quote on a new or used vehicle please call.",,
45,2023,Chevrolet,Equinox,AWD 4dr RS,3GNAXWEG6PL254793,True,Summit White,Jet Black,4.0,All Wheel Drive,Automatic,Automatic,24.0,30.0,Gasoline Fuel,37015.0,7.0,,,
46,2023,Chevrolet,Silverado 1500,"2WD Crew Cab 147"" LT",3GCPACEK1PG263451,True,Black,Jet Black,4.0,Rear Wheel Drive,Automatic,Automatic,19.0,22.0,Gasoline Fuel,52235.0,8.0,,,
47,2023,Chevrolet,Silverado 1500,"2WD Crew Cab 157"" LT",3GCPACED6PG318249,True,Red Hot,Gideon/Very Dark Atmosphere,4.0,Rear Wheel Drive,Automatic,Automatic,17.0,21.0,Gasoline Fuel,54435.0,5.0,,,
48,2023,Chevrolet,Trailblazer,FWD 4dr LT,KL79MPS22PB155860,True,Sterling Gray Metallic,Jet Black,3.0,Front Wheel Drive,,Variable,29.0,31.0,Gasoline Fuel,29345.0,4.0,,,
49,2023,Chevrolet,Trailblazer,FWD 4dr LT,KL79MPS29PB155743,True,Sterling Gray Metallic,Jet Black,3.0,Front Wheel Drive,,Variable,29.0,31.0,Gasoline Fuel,29345.0,4.0,,,
50,2023,Chevrolet,Trailblazer,FWD 4dr LT,KL79MPSL0PB151105,True,Crimson Metallic,Jet Black,3.0,Front Wheel Drive,,Variable,29.0,33.0,Gasoline Fuel,30270.0,4.0,,,
51,2023,Chevrolet,Silverado 1500,"2WD Crew Cab 147"" LT",3GCPACEK8PG263477,True,Black,Jet Black,4.0,Rear Wheel Drive,Automatic,Automatic,19.0,22.0,Gasoline Fuel,52235.0,8.0,,,
52,2023,Chevrolet,Equinox,FWD 4dr LS w/1LS,3GNAXHEG5PL272049,True,Sterling Gray Metallic,Medium Ash Gray,4.0,Front Wheel Drive,Automatic,Automatic,26.0,31.0,Gasoline Fuel,29570.0,4.0,,,
53,2023,Chevrolet,Silverado 1500,"2WD Crew Cab 157"" LT",3GCPACED0PG320935,True,Radiant Red Tintcoat,Jet Black,4.0,Rear Wheel Drive,Automatic,Automatic,17.0,21.0,Gasoline Fuel,54930.0,4.0,,,
54,2020,Nissan,Maxima,S 3.5L,1N4AA6BV2LC375751,False,Pearl White Tricoat,Charcoal,6.0,Front Wheel Drive,,Variable,20.0,30.0,Gasoline Fuel,27595.0,24745.0,"Clean CARFAX. Pearl White Tricoat 2020 Nissan Maxima 3.5 S FWD CVT with Xtronic 3.5L V6 DOHC 24V 18 Machined Alloy Wheels, Automatic temperature control, Front dual zone A/C, Rear Parking Sensors, Steering wheel mounted audio controls, Telescoping steering wheel, Tilt steering wheel.Recent Arrival! 20/30 City/Highway MPGAwards:* JD Power Automotive Performance, Execution and Layout (APEAL) Study, Initial Quality Study (IQS)If you have any questions or would like some general information about financing or would like a price quote on a new or used vehicle please call.",,
55,2023,Chevrolet,Equinox,FWD 4dr LS w/1LS,3GNAXHEG1PL272016,True,Sterling Gray Metallic,Medium Ash Gray,4.0,Front Wheel Drive,Automatic,Automatic,26.0,31.0,Gasoline Fuel,29570.0,3.0,,,
56,2020,Chevrolet,Traverse,FWD 4dr LT Cloth w/1LT,1GNERGKW2LJ153362,False,Cajun Red Tintcoat,Jet Black,6.0,Front Wheel Drive,Automatic,Automatic,18.0,27.0,Gasoline Fuel,32995.0,30676.0,"CARFAX One-Owner. Clean CARFAX. Cajun Red Tintcoat 2020 Chevrolet Traverse LT 1LT FWD 9-Speed Automatic 3.6L V6 SIDI VVT Factory Certified, 1st & 2nd Row All-Weather Floor Liner (LPO), 3rd Row All-Weather Floor Liner (LPO), Automatic temperature control, Floor Liner Package (LPO), Front dual zone A/C, Integrated Cargo Liner (LPO), Preferred Equipment Group 1LT, Steering wheel mounted audio controls, Telescoping steering wheel, Tilt steering wheel, Wheels: 18 Bright Silver Painted Aluminum.Recent Arrival! Odometer is 12673 miles below market average! 18/27 City/Highway MPGIf you have any questions or would like some general information about financing or would like a price quote on a new or used vehicle please call.",,
57,2023,Chevrolet,Traverse,FWD 4dr LT Cloth w/1LT,1GNERGKW0PJ270704,True,Summit White,Jet Black,6.0,Front Wheel Drive,Automatic,Automatic,18.0,27.0,Gasoline Fuel,40100.0,4.0,,,
58,2023,Chevrolet,Traverse,FWD 4dr LT Cloth w/1LT,1GNERGKW6PJ269721,True,Sterling Gray Metallic,Jet Black,6.0,Front Wheel Drive,Automatic,Automatic,18.0,27.0,Gasoline Fuel,39865.0,4.0,,,
59,2020,Chevrolet,Malibu,4dr Sdn LT,1G1ZD5ST9LF124892,False,Silver Ice Metallic,Jet Black,4.0,Front Wheel Drive,Automatic,Automatic,29.0,36.0,Gasoline Fuel,19995.0,61594.0,"Prior Rental. CARFAX One-Owner. Clean CARFAX. Silver Ice Metallic 2020 Chevrolet Malibu LT FWD CVT 1.5L DOHC **CARFAX 1 OWNER **, **NAVIGATION / GPS / NAVI **, **CLEAN CARFAX**, Prior Rental, Jet Black Cloth.29/36 City/Highway MPGAwards:* JD Power Initial Quality StudyIf you have any questions or would like some general information about financing or would like a price quote on a new or used vehicle please call.",,
60,2023,Chevrolet,Silverado 1500,"2WD Crew Cab 157"" LT",3GCPACED7PG327199,True,Summit White,Jet Black,4.0,Rear Wheel Drive,Automatic,Automatic,17.0,21.0,Gasoline Fuel,67670.0,2.0,,,
61,2023,Chevrolet,Silverado 1500,"2WD Crew Cab 157"" LT",3GCPACED0PG327013,True,Summit White,Jet Black,4.0,Rear Wheel Drive,Automatic,Automatic,17.0,21.0,Gasoline Fuel,54675.0,2.0,,,
62,2019,Chevrolet,Silverado 1500,"4WD Crew Cab 147"" High Country",1GCUYHEL5KZ408570,False,Black,Jet Black,8.0,Four Wheel Drive,Automatic,Automatic,16.0,20.0,Gasoline Fuel,53598.0,37125.0,"CARFAX One-Owner. Clean CARFAX. Black 2019 Chevrolet Silverado 1500 High Country 4WD 10-Speed Automatic EcoTec3 6.2L V8 10-Way Power Driver Seat w/Lumbar, 10-Way Power Passenger Seat Adjuster w/Lumbar, 120-Volt Bed Mounted Power Outlet, 120-Volt Instrument Panel Power Outlet, 12-Volt Rear Auxiliary Power Outlet, 170 Amp Alternator, 2nd Row Heated Outboard Seats, 8 Driver Information Center, Advanced Trailering System, All-Weather Floor Liner (LPO), Auto-Dimming Inside Rear-View Mirror, Auxiliary External Transmission Oil Cooler, Bluetooth® For Phone, Chevrolet Connected Access, Chevrolet w/4G LTE, Chevytec Spray-On Black Bedliner, Chrome Assist Steps, Chrome Grille, Chrome Recovery Hooks, Color-Keyed Carpeting Floor Covering, Compass, Deep-Tinted Glass, Driver Memory, Dual Exhaust w/Polished Outlets, Electric Rear-Window Defogger, Electrical Lock Control Steering Column, Electronic Cruise Control, Floor Mounted Console, Following Distance Indicator, Forward Collision Alert, Front Carpeted Floor Mats, Front LED Fog Lamps, Front Pedestrian Braking, HD Radio, HD Rear Vision Camera, Heated Driver & Front Passenger Seats, Heated Steering Wheel, Heavy-Duty Rear Locking Differential, High Country Deluxe, Hitch Guidance, Hitch Guidance w/Hitch View, Integrated Trailer Brake Controller, IntelliBeam Automatic High Beam On/Off, Keyless Open & Start, Lane Change Alert w/Side Blind Zone Alert, Lane Keep Assist w/Lane Departure Warning, Leather Wrapped Steering Wheel, LED Cargo Area Lighting, Low Speed Forward Automatic Braking, Manual Tilt/Telescoping Steering Column, Navigation System, OnStar & Chevrolet Connected Services Capable, Outside Heated Power-Adjustable Mirrors, Painted Mirror Caps, Power Door Locks, Power Front Passenger Windows w/Express Up/Down, Power Front Windows w/Driver Express Up/Down, Power Rear Windows w/Express Down, Power Sliding Rear Window w/Rear Defogger, Power Sunroof, Preferred Equipment Group 3LZ, Rear Carpeted Floor Mats, Rear Cross Traffic Alert, Rear Dual USB Charging-Only Por",,
63,2017,Honda,Civic Hatchback,EX CVT,SHHFK7H54HU416965,False,Black,,4.0,Front Wheel Drive,,Variable,31.0,40.0,Gasoline Fuel,20995.0,66599.0,"CARFAX One-Owner. Crystal Black Pearl 2017 Honda Civic EX FWD CVT 1.5L I4 DOHC 16V Black w/Cloth Seat Trim, 17 Alloy Wheels, Apple CarPlay/Android Auto, Automatic temperature control, Exterior Parking Camera Rear, Front dual zone A/C, Steering wheel mounted audio controls, Telescoping steering wheel, Tilt steering wheel.Odometer is 9048 miles below market average! 31/40 City/Highway MPGAwards:* 2017 KBB.com 10 Most Awarded Brands * 2017 KBB.com Brand Image AwardsKelley Blue Book Brand Image Awards are based on the Brand Watch(tm) study from Kelley Blue Book Market Intelligence. Award calculated among non-luxury shoppers. For more information, visit www.kbb.com. Kelley Blue Book is a registered trademark of Kelley Blue Book Co., Inc.If you have any questions or would like some general information about financing or would like a price quote on a new or used vehicle please call.",,
64,2023,Chevrolet,Silverado 1500,"2WD Crew Cab 157"" LT",3GCPACED7PG327008,True,Summit White,Jet Black,4.0,Rear Wheel Drive,Automatic,Automatic,17.0,21.0,Gasoline Fuel,54675.0,2.0,,,
65,2023,Chevrolet,Silverado 1500,"2WD Crew Cab 157"" LT",3GCPACED8PG306393,True,Red Hot,Gideon/Very Dark Atmosphere,4.0,Rear Wheel Drive,Automatic,Automatic,17.0,21.0,Gasoline Fuel,54435.0,6.0,,,
66,2023,Chevrolet,Silverado 1500,"2WD Crew Cab 157"" LT",3GCPACED8PG327020,True,Summit White,Jet Black,4.0,Rear Wheel Drive,Automatic,Automatic,17.0,21.0,Gasoline Fuel,54675.0,2.0,,,
67,2023,Chevrolet,Silverado 1500,"2WD Crew Cab 157"" LT",3GCPACEDXPG327200,True,Summit White,Jet Black,4.0,Rear Wheel Drive,Automatic,Automatic,17.0,21.0,Gasoline Fuel,54675.0,2.0,,,
68,2023,Chevrolet,Equinox,FWD 4dr LS w/1LS,3GNAXHEG1PL259752,True,Summit White,Medium Ash Gray,4.0,Front Wheel Drive,Automatic,Automatic,26.0,31.0,Gasoline Fuel,28850.0,7.0,,,
69,2023,Chevrolet,Equinox,FWD 4dr LS w/1LS,3GNAXHEG4PL267490,True,Summit White,Medium Ash Gray,4.0,Front Wheel Drive,Automatic,Automatic,26.0,31.0,Gasoline Fuel,28850.0,8.0,,,
70,2023,Chevrolet,Equinox,FWD 4dr LS w/1LS,3GNAXHEG6PL259763,True,Summit White,Medium Ash Gray,4.0,Front Wheel Drive,Automatic,Automatic,26.0,31.0,Gasoline Fuel,28850.0,7.0,,,
71,2023,Chevrolet,Equinox,FWD 4dr LS w/1LS,3GNAXHEG7PL266947,True,Sterling Gray Metallic,Medium Ash Gray,4.0,Front Wheel Drive,Automatic,Automatic,26.0,31.0,Gasoline Fuel,29240.0,8.0,,,
72,2023,Chevrolet,Equinox,FWD 4dr LS w/1LS,3GNAXHEG8PL259764,True,Summit White,Medium Ash Gray,4.0,Front Wheel Drive,Automatic,Automatic,26.0,31.0,Gasoline Fuel,28850.0,8.0,,,
73,2023,Chevrolet,Equinox,FWD 4dr LS w/1LS,3GNAXHEG8PL267475,True,Summit White,Medium Ash Gray,4.0,Front Wheel Drive,Automatic,Automatic,26.0,31.0,Gasoline Fuel,28850.0,8.0,,,
74,2023,Chevrolet,Blazer,FWD 4dr LT w/3LT,3GNKBDR42PS216345,True,Black,Jet Black,4.0,Front Wheel Drive,Automatic,Automatic,22.0,29.0,Gasoline Fuel,41200.0,8.0,,,
75,2022,Hyundai,Santa Fe,SEL FWD,5NMS24AJ4NH398029,False,Calypso Red,Beige,4.0,Front Wheel Drive,Automatic,Automatic,25.0,28.0,Gasoline Fuel,28995.0,13635.0,CARFAX One-Owner. Clean CARFAX. Calypso Red 2022 Hyundai Santa Fe SEL FWD 8-Speed Automatic with SHIFTRONIC 2.5L I4 Beige Leather.Recent Arrival! Odometer is 2920 miles below market average! 25/28 City/Highway MPGIf you have any questions or would like some general information about financing or would like a price quote on a new or used vehicle please call.,,
76,2024,Chevrolet,Trax,FWD 4dr ACTIV,KL77LKE27RC006530,True,Mosaic Black Metallic,Jet Black with Artemis accents,3.0,Front Wheel Drive,Automatic,Automatic,28.0,32.0,Gasoline Fuel,27645.0,5.0,,,
77,2018,Chevrolet,Volt,5dr HB LT,1G1RC6S57JU128782,False,Summit White,Jet Black/Jet Black,4.0,Front Wheel Drive,Automatic,Automatic,43.0,42.0,Hybrid Fuel,20995.0,97169.0,"Clean CARFAX. Summit White 2018 Chevrolet Volt LT FWD 1-Speed Automatic 1.5L VVT DI DOHC 4-Cylinder Range Extender 6-Speaker Audio System Feature, Automatic temperature control, Exterior Parking Camera Rear, Preferred Equipment Group 2LT, Premium audio system: Chevrolet MyLink, Radio: Chevrolet MyLink AM/FM Stereo, SiriusXM Satellite Radio, Steering wheel mounted audio controls, Telescoping steering wheel, Tilt steering wheel, Wheels: 17 x 7 5-Spoke Painted Aluminum.Awards:* 2018 IIHS Top Safety Pick with optional front crash prevention * 2018 KBB.com 10 Most Awarded BrandsIf you have any questions or would like some general information about financing or would like a price quote on a new or used vehicle please call.",,
78,2020,Tesla,Model 3,Standard Range Plus RWD,5YJ3E1EA9LF597385,False,White,,,Rear Wheel Drive,Automatic,Automatic,0.0,0.0,Electric Fuel System,29995.0,60087.0,"Clean CARFAX. Pearl White Multi-Coat 2020 Tesla Model 3 Standard Range Plus RWD 1-Speed Automatic Electric ZEV 271hp Automatic temperature control, Exterior Parking Camera Rear, Front dual zone A/C, Navigation System, Radio: Upgraded Audio System, Steering wheel mounted A/C controls, Steering wheel mounted audio controls, Telescoping steering wheel, Tilt steering wheel, Wheels: 18 x 8.5 Aero.Recent Arrival! 148/132 City/Highway MPGIf you have any questions or would like some general information about financing or would like a price quote on a new or used vehicle please call.",,
79,2023,Chevrolet,Silverado 1500,"2WD Double Cab 147"" Custom",1GCRABEK9PZ291663,True,Summit White,Jet Black,4.0,Rear Wheel Drive,Automatic,Automatic,19.0,22.0,Gasoline Fuel,45590.0,2.0,,,
80,2019,Chevrolet,Traverse,FWD 4dr LT Cloth w/1LT,1GNERGKW7KJ175372,False,Summit White,Jet Black,6.0,Front Wheel Drive,Automatic,Automatic,18.0,27.0,Gasoline Fuel,29995.0,48769.0,"Clean CARFAX. Summit White 2019 Chevrolet Traverse LT Cloth w/1LT FWD 9-Speed Automatic 3.6L V6 SIDI VVT **CARFAX 1 OWNER **, ** NEW BRAKES & TIRES**, **CLEAN CARFAX**.Recent Arrival! Odometer is 12683 miles below market average! 18/27 City/Highway MPGAwards:* 2019 KBB.com 12 Best Family CarsIf you have any questions or would like some general information about financing or would like a price quote on a new or used vehicle please call.",,
81,2016,Kia,Sorento,FWD 4dr 2.4L LX,5XYPG4A33GG094227,False,Sparkling Silver,Satin Black,4.0,Front Wheel Drive,Automatic,Automatic,21.0,29.0,Gasoline Fuel,16995.0,69292.0,"Sparkling Silver 2016 Kia Sorento LX FWD 6-Speed Automatic with Sportmatic 2.4L DOHCOdometer is 23474 miles below market average! 21/29 City/Highway MPGAwards:* 2016 KBB.com 10 Best Used Midsize SUVs Under $15,000 * 2016 KBB.com 10 Best Certified Pre-Owned 3-Row SUVs Under $30,000 * 2016 KBB.com 10 Best SUVs Under $25,000If you have any questions or would like some general information about financing or would like a price quote on a new or used vehicle please call.",,
82,2021,Toyota,Tundra 2WD,SR5 Double Cab 6.5' Bed 5.7L (Natl),5TFRY5F16MX272966,False,White,,8.0,Rear Wheel Drive,Automatic,Automatic,13.0,17.0,Gasoline Fuel,40995.0,33331.0,"CARFAX One-Owner. Clean CARFAX. Super White 2021 Toyota Tundra SR5 RWD 6-Speed Automatic Electronic with Overdrive i-Force 5.7L V8 DOHC 32V LEV **CARFAX 1 OWNER **, **CLEAN CARFAX**, Air Conditioning, Apple CarPlay/Android Auto, Exterior Parking Camera Rear, Steering wheel mounted audio controls, Tilt steering wheel.Recent Arrival!If you have any questions or would like some general information about financing or would like a price quote on a new or used vehicle please call.",,
83,2023,Chevrolet,Silverado 1500,"2WD Crew Cab 157"" LT",3GCPACED4PG320937,True,Radiant Red Tintcoat,Jet Black,4.0,Rear Wheel Drive,Automatic,Automatic,17.0,21.0,Gasoline Fuel,54930.0,5.0,,,
84,2023,Chevrolet,Silverado 1500,"4WD Crew Cab 147"" High Country",1GCUDJE87PZ306256,True,Radiant Red Tintcoat,Jet Black,8.0,Four Wheel Drive,Automatic,Automatic,21.0,23.0,Diesel Fuel,69930.0,4.0,,,
85,2023,Chevrolet,Traverse,FWD 4dr LS w/1LS,1GNERFKW0PJ266386,True,Summit White,Jet Black/Chai,6.0,Front Wheel Drive,Automatic,Automatic,18.0,27.0,Gasoline Fuel,36190.0,8.0,,,
86,2023,Chevrolet,Traverse,FWD 4dr LS w/1LS,1GNERFKW8PJ266412,True,Summit White,Jet Black/Chai,6.0,Front Wheel Drive,Automatic,Automatic,18.0,27.0,Gasoline Fuel,36190.0,9.0,,,
87,2023,Chevrolet,Traverse,FWD 4dr Premier,1GNERKKW5PJ279353,True,Summit White,Jet Black,6.0,Front Wheel Drive,Automatic,Automatic,18.0,27.0,Gasoline Fuel,50330.0,3.0,,,
88,2023,Chevrolet,Traverse,FWD 4dr Premier,1GNERKKW6PJ279426,True,Summit White,Jet Black,6.0,Front Wheel Drive,Automatic,Automatic,18.0,27.0,Gasoline Fuel,50330.0,4.0,,,
89,2021,Honda,CR-V,EX 2WD,7FARW1H58ME021699,False,Cement,,4.0,Front Wheel Drive,,Variable,28.0,34.0,Gasoline Fuel,29995.0,17721.0,"CARFAX One-Owner. Clean CARFAX. Sonic Gray Pearl 2021 Honda CR-V EX FWD CVT 1.5L I4 DOHC 16V **CARFAX 1 OWNER **, **CLEAN CARFAX**, 18 Alloy Wheels, Adaptive Cruise Control: Adaptive Cruise Control (ACC) with Low-Speed Follow, Apple CarPlay/Android Auto, Automatic temperature control, Exterior Parking Camera Rear, Forward collision: Collision Mitigation Braking System (CMBS) + FCW mitigation, Front dual zone A/C, Power moonroof, Steering wheel mounted audio controls, Telescoping steering wheel, Tilt steering wheel.Recent Arrival! Odometer is 11816 miles below market average! 28/34 City/Highway MPGIf you have any questions or would like some general information about financing or would like a price quote on a new or used vehicle please call.",,
90,2023,Chevrolet,Bolt EV,5dr Wgn 2LT,1G1FX6S00P4163894,True,Summit White,Jet Black,,Front Wheel Drive,,Automatic,0.0,0.0,Electric Fuel System,37355.0,3.0,,,
91,2023,Chevrolet,Silverado 1500,"2WD Crew Cab 147"" Custom",1GCPABEK7PZ213812,True,Summit White,Jet Black,4.0,Rear Wheel Drive,Automatic,Automatic,19.0,22.0,Gasoline Fuel,46220.0,5.0,,,
92,2023,Chevrolet,Traverse,FWD 4dr Premier,1GNERKKW7PJ279502,True,Summit White,Jet Black,6.0,Front Wheel Drive,Automatic,Automatic,18.0,27.0,Gasoline Fuel,50330.0,4.0,,,
93,2023,Chevrolet,Trailblazer,FWD 4dr LS,KL79MMS28PB161936,True,Summit White,Jet Black,3.0,Front Wheel Drive,,Variable,29.0,31.0,Gasoline Fuel,26545.0,4.0,,,
94,2023,Chevrolet,Trailblazer,FWD 4dr RS,KL79MTSLXPB158720,True,Sterling Gray Metallic,Jet Black with Red accents,3.0,Front Wheel Drive,,Variable,29.0,33.0,Gasoline Fuel,31215.0,4.0,,,
95,2023,Chevrolet,Silverado 1500,"2WD Crew Cab 147"" LT",1GCPACED5PZ171406,True,Radiant Red Tintcoat,Jet Black,4.0,Rear Wheel Drive,Automatic,Automatic,17.0,21.0,Gasoline Fuel,54335.0,3.0,,,
96,2023,Chevrolet,Equinox,FWD 4dr LS w/1LS,3GNAXHEG2PL272042,True,Sterling Gray Metallic,Medium Ash Gray,4.0,Front Wheel Drive,Automatic,Automatic,26.0,31.0,Gasoline Fuel,29570.0,10.0,,,
97,2023,Chevrolet,Blazer,FWD 4dr Premier,3GNKBFR47PS221164,True,Sterling Gray Metallic,Jet Black,4.0,Front Wheel Drive,Automatic,Automatic,22.0,29.0,Gasoline Fuel,49060.0,9.0,,,
98,2019,GMC,Acadia,FWD 4dr SLT w/SLT-1,1GKKNMLS4KZ278529,False,Ebony Twilight Metallic,Jet Black,4.0,Front Wheel Drive,Automatic,Automatic,18.0,25.0,Gasoline Fuel,27995.0,40319.0,"Clean CARFAX. Ebony Twilight Metallic 2019 GMC Acadia SLT-1 FWD 6-Speed Automatic 3.6L V6 SIDI 1st & 2nd Row All Weather Floor Mats (LPO), 3rd Row All Weather Floor Mats (LPO), All Weather Cargo Mat (LPO), Automatic temperature control, Black Center Caps w/Black GMC Logo (LPO), Black Edition, Black Roof Rails, Bose Premium 8-Speaker System, Dual SkyScape 2-Panel Power Sunroof, Exterior Parking Camera Rear, Front dual zone A/C, Heavy-Duty Cooling System, Interior Protection Package (LPO), Power Liftgate, Preferred Equipment Group 4SA, Premium audio system: GMC Infotainment System, Telescoping steering wheel, Tilt steering wheel, Trailering Package, Wheels: 20 x 8.0 Aluminum w/Black Accents (4).Recent Arrival! Odometer is 17359 miles below market average!If you have any questions or would like some general information about financing or would like a price quote on a new or used vehicle please call.",,
99,2023,Chevrolet,Trailblazer,FWD 4dr LS,KL79MMS24PB160363,True,Mosaic Black Metallic,Jet Black,3.0,Front Wheel Drive,,Variable,29.0,31.0,Gasoline Fuel,23545.0,5.0,,,
100,2024,Chevrolet,Trax,FWD 4dr LT,KL77LHE21RC040708,True,Mosaic Black Metallic,Jet Black with Blue accents,3.0,Front Wheel Drive,Automatic,Automatic,28.0,32.0,Gasoline Fuel,25990.0,6.0,,,
101,2024,Chevrolet,Trax,FWD 4dr LT,KL77LHE2XRC040738,True,Mosaic Black Metallic,Jet Black with Blue accents,3.0,Front Wheel Drive,Automatic,Automatic,28.0,32.0,Gasoline Fuel,25990.0,6.0,,,
102,2024,Chevrolet,Trax,FWD 4dr LT,KL77LHE29RC040696,True,Mosaic Black Metallic,Jet Black with Blue accents,3.0,Front Wheel Drive,Automatic,Automatic,28.0,32.0,Gasoline Fuel,25990.0,5.0,,,
103,2023,Chevrolet,Silverado 1500,"2WD Crew Cab 147"" LT",2GCPACED7P1147021,True,Black,Jet Black,4.0,Rear Wheel Drive,Automatic,Automatic,17.0,21.0,Gasoline Fuel,55385.0,4.0,,,
104,2024,Chevrolet,Trax,FWD 4dr LT,KL77LHE21RC040711,True,Mosaic Black Metallic,Jet Black with Blue accents,3.0,Front Wheel Drive,Automatic,Automatic,28.0,32.0,Gasoline Fuel,25990.0,5.0,,,
105,2020,Honda,Civic Sedan,LX CVT,2HGFC2F62LH557177,False,Red,,4.0,Front Wheel Drive,,Variable,30.0,38.0,Gasoline Fuel,21995.0,58981.0,"Clean CARFAX. Rallye Red 2020 Honda Civic LX FWD CVT 2.0L I4 DOHC 16V i-VTEC Adaptive Cruise Control: Adaptive Cruise Control (ACC) with Low-Speed Follow, Automatic temperature control, Exterior Parking Camera Rear, Forward collision: Collision Mitigation Braking System (CMBS) + FCW mitigation, Lane departure: Lane Keeping Assist System (LKAS) active, Steering wheel mounted audio controls, Telescoping steering wheel, Tilt steering wheel.30/38 City/Highway MPGIf you have any questions or would like some general information about financing or would like a price quote on a new or used vehicle please call.",,
106,2022,Honda,Civic Sedan,Sport CVT,2HGFE2F5XNH546111,False,Black,,4.0,Front Wheel Drive,,Variable,30.0,37.0,Gasoline Fuel,26995.0,34864.0,"CARFAX One-Owner. Clean CARFAX. Crystal Black Pearl 2022 Honda Civic Sport FWD CVT 2.0L I4 DOHC 16V i-VTEC Adaptive Cruise Control: Adaptive Cruise Control (ACC) with Low-Speed Follow, Automatic temperature control, Exterior Parking Camera Rear, Forward collision: Collision Mitigation Braking System (CMBS) + FCW mitigation, Steering wheel mounted audio controls, Telescoping steering wheel, Tilt steering wheel, Wheels: 18 Gloss Black Alloy.30/37 City/Highway MPGAwards:* NACTOY 2022 North American Car of the YearIf you have any questions or would like some general information about financing or would like a price quote on a new or used vehicle please call.",,
107,2023,Volkswagen,Atlas Cross Sport,3.6L V6 SEL R-Line Black 4MOTION,1V2SE2CA8PC209603,False,White,,6.0,All Wheel Drive,Automatic,Automatic,18.0,24.0,Gasoline Fuel,49995.0,3131.0,"CARFAX One-Owner. Clean CARFAX. White 2023 Volkswagen Atlas Cross Sport 3.6L V6 SEL R-Line AWD 8-Speed Automatic with Tiptronic 3.6L VR6 **CARFAX 1 OWNER **, **CLEAN CARFAX**.Recent Arrival!If you have any questions or would like some general information about financing or would like a price quote on a new or used vehicle please call.",,
108,2023,Chevrolet,Silverado 1500,"2WD Crew Cab 147"" Custom",1GCPABEK9PZ157212,True,Summit White,Jet Black,4.0,Rear Wheel Drive,Automatic,Automatic,19.0,22.0,Gasoline Fuel,46220.0,3.0,,,
109,2023,Chevrolet,Silverado 1500,"4WD Crew Cab 147"" RST",2GCUDEED7P1149857,True,Sterling Gray Metallic,Jet Black,4.0,Four Wheel Drive,Automatic,Automatic,15.0,20.0,Gasoline Fuel,61645.0,7.0,,,
110,2024,Chevrolet,Trax,FWD 4dr LT,KL77LHE29RC040746,True,Mosaic Black Metallic,Jet Black with Blue accents,3.0,Front Wheel Drive,Automatic,Automatic,28.0,32.0,Gasoline Fuel,25990.0,5.0,,,
111,2023,Chevrolet,Colorado,4WD Crew Cab Trail Boss,1GCPTEEK8P1196044,True,Black,Jet Black,4.0,Four Wheel Drive,Automatic,Automatic,17.0,21.0,Gasoline Fuel,50095.0,115.0,,,
112,2020,Chevrolet,Camaro,2dr Conv 2SS,1G1FH3D79L0136345,False,Black,Jet Black,8.0,Rear Wheel Drive,Manual,Automatic,16.0,27.0,Gasoline Fuel,0.0,62019.0,,,
113,2020,Chevrolet,Traverse,FWD 4dr LS w/1LS,1GNERFKW0LJ104915,False,,,6.0,Front Wheel Drive,Automatic,9-Speed A/T,18.0,27.0,Gasoline Fuel,0.0,0.0,,,
